{
  "timestamp": "20260616_104139",
  "mode": "offline",
  "dataset": "direction_check_questions.json",
  "systems": [
    "bm25",
    "flatrag",
    "treerag_beam"
  ],
  "summary": {
    "bm25": {
      "rouge_l": 0.13726523834856766,
      "bertscore": 0.15750995470006932,
      "llm_judge": null,
      "latency": 0.039293508599803316,
      "context_tokens": 47.0,
      "n": 5
    },
    "flatrag": {
      "rouge_l": 0.07481277162796537,
      "bertscore": 0.08332340992583771,
      "llm_judge": null,
      "latency": 0.000551174800057197,
      "context_tokens": 0.0,
      "n": 5
    },
    "treerag_beam": {
      "rouge_l": 0.06105111917725349,
      "bertscore": 0.07024652147610407,
      "llm_judge": null,
      "latency": 0.0001460501996916719,
      "context_tokens": 63.0,
      "n": 5
    }
  },
  "significance": {
    "bm25": {
      "p_value": 0.08540758685945618,
      "significant": false,
      "effect_size": 0.9800406568646964,
      "mean_diff": -0.07621411917131418
    },
    "flatrag": {
      "p_value": 0.24211388755922303,
      "significant": false,
      "effect_size": 0.22217999923097434,
      "mean_diff": -0.013761652450711892
    }
  },
  "per_question": {
    "bm25": [
      {
        "question_id": "dc_001",
        "document_id": "c7b780a9_생체의공학개론#11_index.json",
        "answer": "초음파 영상의 정의: 초음파를 이용하여 인체 내부를 투시하고 반사 및 산란되는 파동을 시각화하는 진단 기술 초음파의 발생 및 장치: 압전 효과를 이용한 초음파 발생 원리와 검사 부위별 프로브의 종류 압전 효과(Piezoelectric Effect): 압전 소자에 전압을 가해 기계적 진동을 만들거나 반대로 반사음을 전기 신호로 변환하는 원리",
        "retrieved_count": 3,
        "context_tokens": 47,
        "latency": 0.19611449999865727,
        "rouge_l": 0.22580645161290325,
        "bertscore": 0.25806451612903225,
        "llm_judge": null
      },
      {
        "question_id": "dc_002",
        "document_id": "c7b780a9_생체의공학개론#11_index.json",
        "answer": "소리의 감쇠(Attenuation): 거리와 주파수 증가에 따른 에너지 손실 현상 및 매질의 점성에 따른 흡수 정도 차이 음파의 물리적 특성: 음파의 정의, 매질에 따른 전파 속도, 감쇠 현상 및 경계면에서의 반사와 굴절 원리 초음파의 개요 및 역사: 초음파 영상의 정의와 18세기부터 20세기 중반까지의 기술 발전 과정을 다룸",
        "retrieved_count": 3,
        "context_tokens": 45,
        "latency": 0.00011825000001408625,
        "rouge_l": 0.16666666666666669,
        "bertscore": 0.16666666666666669,
        "llm_judge": null
      },
      {
        "question_id": "dc_003",
        "document_id": "c7b780a9_생체의공학개론#11_index.json",
        "answer": "초음파 조영제 및 비파괴 검사: 영상 대조도 향상을 위한 조영제(UCA) 사용과 산업용 비파괴 검사(NDT) 활용 반사와 굴절 및 임피던스: 음향 임피던스 차이에 의한 반사율 결정 및 피부 접촉 매질(Gel) 사용의 필요성 초음파의 발생 및 장치: 압전 효과를 이용한 초음파 발생 원리와 검사 부위별 프로브의 종류",
        "retrieved_count": 3,
        "context_tokens": 43,
        "latency": 9.508400034974329e-05,
        "rouge_l": 0.08695652173913043,
        "bertscore": 0.08695652173913043,
        "llm_judge": null
      },
      {
        "question_id": "dc_004",
        "document_id": "c7b780a9_생체의공학개론#11_index.json",
        "answer": "c7b780a9 생체의공학개론#11: 의료영상 분야 중 초음파(Ultrasound)의 기본 원리, 역사, 물리적 특성, 발생 장치 및 다양한 진단 방식에 관한 강의 자료 초음파의 개요 및 역사: 초음파 영상의 정의와 18세기부터 20세기 중반까지의 기술 발전 과정을 다룸 초음파 영상의 정의: 초음파를 이용하여 인체 내부를 투시하고 반사 및 산란되는 파동을 시각화하는 진단 기술",
        "retrieved_count": 3,
        "context_tokens": 52,
        "latency": 5.741700078942813e-05,
        "rouge_l": 0.0,
        "bertscore": 0.0,
        "llm_judge": null
      },
      {
        "question_id": "dc_005",
        "document_id": "c7b780a9_생체의공학개론#11_index.json",
        "answer": "초음파 프로브(Probe): 검사 목적에 따른 Linear, Convex, Transvaginal, Sector, 3D 프로브의 형태와 용도 초음파 조영제 및 비파괴 검사: 영상 대조도 향상을 위한 조영제(UCA) 사용과 산업용 비파괴 검사(NDT) 활용 초음파의 발생 및 장치: 압전 효과를 이용한 초음파 발생 원리와 검사 부위별 프로브의 종류",
        "retrieved_count": 3,
        "context_tokens": 48,
        "latency": 8.229199920606334e-05,
        "rouge_l": 0.20689655172413796,
        "bertscore": 0.27586206896551724,
        "llm_judge": null
      }
    ],
    "flatrag": [
      {
        "question_id": "dc_001",
        "document_id": "c7b780a9_생체의공학개론#11_index.json",
        "answer": "Based on the retrieved documents:\n\n[Document 1: 초음파 영상의 정의 (p.3-5)]\n초음파를 이용하여 인체 내부를 투시하고 반사 및 산란되는 파동을 시각화하는 진단 기술\n\n[Document 2: 초음파의 발생 및 장치 (p.15-19)]\n압전 효과를 이용한 초음파 발생 원리와 검사 부위별 프로브의 종류\n\n[Document 3: 초음파의 역사 (p.6-7)]\n박쥐의 초음파 인지 발견(1793), 압전 효과 발견(1880), 소나 및 레이더 개발을 거쳐 진단 및 치료용 시스템으로 발전한 과정\n\n\nAnswer: The documents discuss aspects related to: 초음파 탐촉자에서 초음파를 발생시키는 압전 효과의 원리는 무엇인가",
        "retrieved_count": 3,
        "context_tokens": 0,
        "latency": 0.002341875000638538,
        "rouge_l": 0.03921568627450981,
        "bertscore": 0.03921568627450981,
        "llm_judge": null
      },
      {
        "question_id": "dc_002",
        "document_id": "c7b780a9_생체의공학개론#11_index.json",
        "answer": "Based on the retrieved documents:\n\n[Document 1: 소리의 감쇠(Attenuation) (p.11)]\n거리와 주파수 증가에 따른 에너지 손실 현상 및 매질의 점성에 따른 흡수 정도 차이\n\n[Document 2: 음파의 물리적 특성 (p.8-14)]\n음파의 정의, 매질에 따른 전파 속도, 감쇠 현상 및 경계면에서의 반사와 굴절 원리\n\n[Document 3: 초음파의 개요 및 역사 (p.3-7)]\n초음파 영상의 정의와 18세기부터 20세기 중반까지의 기술 발전 과정을 다룸\n\n\nAnswer: The documents discuss aspects related to: 초음파의 감쇠(attenuation)는 어떤 요인에 따라 증가하는가",
        "retrieved_count": 3,
        "context_tokens": 0,
        "latency": 8.991699905891437e-05,
        "rouge_l": 0.10638297872340426,
        "bertscore": 0.12765957446808512,
        "llm_judge": null
      },
      {
        "question_id": "dc_003",
        "document_id": "c7b780a9_생체의공학개론#11_index.json",
        "answer": "Based on the retrieved documents:\n\n[Document 1: 반사와 굴절 및 임피던스 (p.12-13)]\n음향 임피던스 차이에 의한 반사율 결정 및 피부 접촉 매질(Gel) 사용의 필요성\n\n[Document 2: 초음파의 발생 및 장치 (p.15-19)]\n압전 효과를 이용한 초음파 발생 원리와 검사 부위별 프로브의 종류\n\n[Document 3: 초음파 프로브(Probe) (p.18-19)]\n검사 목적에 따른 Linear, Convex, Transvaginal, Sector, 3D 프로브의 형태와 용도\n\n\nAnswer: The documents discuss aspects related to: 초음파 검사 시 피부에 젤(gel)을 바르는 이유는 무엇인가",
        "retrieved_count": 3,
        "context_tokens": 0,
        "latency": 0.00016016600056900643,
        "rouge_l": 0.058252427184466014,
        "bertscore": 0.058252427184466014,
        "llm_judge": null
      },
      {
        "question_id": "dc_004",
        "document_id": "c7b780a9_생체의공학개론#11_index.json",
        "answer": "I could not find relevant information to answer: 초음파는 주파수를 기준으로 어떻게 정의되는가?",
        "retrieved_count": 0,
        "context_tokens": 0,
        "latency": 2.6083000193466432e-05,
        "rouge_l": 0.0,
        "bertscore": 0.0,
        "llm_judge": null
      },
      {
        "question_id": "dc_005",
        "document_id": "c7b780a9_생체의공학개론#11_index.json",
        "answer": "Based on the retrieved documents:\n\n[Document 1: 초음파 프로브(Probe) (p.18-19)]\n검사 목적에 따른 Linear, Convex, Transvaginal, Sector, 3D 프로브의 형태와 용도\n\n[Document 2: 초음파의 발생 및 장치 (p.15-19)]\n압전 효과를 이용한 초음파 발생 원리와 검사 부위별 프로브의 종류\n\n[Document 3: 초음파 조영제 및 비파괴 검사 (p.26-27)]\n영상 대조도 향상을 위한 조영제(UCA) 사용과 산업용 비파괴 검사(NDT) 활용\n\n\nAnswer: The documents discuss aspects related to: 검사 목적에 따라 사용되는 초음파 프로브에는 어떤 종류가 있는가",
        "retrieved_count": 3,
        "context_tokens": 0,
        "latency": 0.00013783299982605968,
        "rouge_l": 0.1702127659574468,
        "bertscore": 0.19148936170212763,
        "llm_judge": null
      }
    ],
    "treerag_beam": [
      {
        "question_id": "dc_001",
        "document_id": "c7b780a9_생체의공학개론#11_index.json",
        "answer": "초음파의 발생 및 장치: 압전 효과를 이용한 초음파 발생 원리와 검사 부위별 프로브의 종류 초음파 영상의 정의: 초음파를 이용하여 인체 내부를 투시하고 반사 및 산란되는 파동을 시각화하는 진단 기술 초음파의 역사: 박쥐의 초음파 인지 발견(1793), 압전 효과 발견(1880), 소나 및 레이더 개발을 거쳐 진단 및 치료용 시스템으로 발전한 과정 초음파의 개요 및 역사: 초음파 영상의 정의와 18세기부터 20세기 중반까지의 기술 발전 과정을 다룸 초음파 프로브(Probe): 검사 목적에 따른 Linear, Convex, Transvaginal, Sector, 3D 프로브의 형태와 용도",
        "retrieved_count": 5,
        "context_tokens": 82,
        "latency": 0.00015662499936297536,
        "rouge_l": 0.042105263157894736,
        "bertscore": 0.042105263157894736,
        "llm_judge": null
      },
      {
        "question_id": "dc_002",
        "document_id": "c7b780a9_생체의공학개론#11_index.json",