{
  "timestamp": "20260628_105515",
  "mode": "online",
  "gen_backend": "ollama",
  "gen_model": "llama3.1:8b",
  "dataset": "full_benchmark.json",
  "systems": [
    "bm25",
    "dense",
    "flatrag",
    "raptor",
    "treerag_dfs",
    "treerag_beam"
  ],
  "summary": {
    "bm25": {
      "rouge_l": 0.33177390904210446,
      "bertscore": 0.36023979344019225,
      "llm_judge": 0.7999999999999999,
      "latency": 8.334155735996319,
      "context_tokens": 202.0,
      "n": 3
    },
    "dense": {
      "rouge_l": 0.091324200913242,
      "bertscore": 0.11872146118721462,
      "llm_judge": 0.5777777777777778,
      "latency": 3.639602694330582,
      "context_tokens": 162.66666666666666,
      "n": 3
    },
    "flatrag": {
      "rouge_l": 0.24108721415942957,
      "bertscore": 0.25417549040560056,
      "llm_judge": 0.7999999999999999,
      "latency": 10.657226569659542,
      "context_tokens": 0.0,
      "n": 3
    },
    "raptor": {
      "rouge_l": 0.3250517598343685,
      "bertscore": 0.3540372670807454,
      "llm_judge": 0.7999999999999999,
      "latency": 2.9552810973351975,
      "context_tokens": 275.6666666666667,
      "n": 3
    },
    "treerag_dfs": {
      "rouge_l": 0.40673275847801255,
      "bertscore": 0.442209386361254,
      "llm_judge": 0.6,
      "latency": 51.48020772200349,
      "context_tokens": 14.666666666666666,
      "n": 3
    },
    "treerag_beam": {
      "rouge_l": 0.40673275847801255,
      "bertscore": 0.442209386361254,
      "llm_judge": 0.8222222222222223,
      "latency": 0.0014554443284093093,
      "context_tokens": 14.666666666666666,
      "n": 3
    }
  },
  "significance": {
    "bm25": {
      "p_value": 0.1246019093026489,
      "significant": false,
      "effect_size": 0.23862259593210922,
      "mean_diff": 0.07495884943590811
    },
    "dense": {
      "p_value": 0.3616960358137289,
      "significant": false,
      "effect_size": 1.302239476605509,
      "mean_diff": 0.31540855756477054
    },
    "flatrag": {
      "p_value": 0.27988408157265277,
      "significant": false,
      "effect_size": 0.6406187954909713,
      "mean_diff": 0.165645544318583
    },
    "raptor": {
      "p_value": 0.4042711140020287,
      "significant": false,
      "effect_size": 0.2446446593269217,
      "mean_diff": 0.08168099864364405
    },
    "treerag_dfs": {
      "p_value": 0.5,
      "significant": false,
      "effect_size": 0.0,
      "mean_diff": 0.0
    }
  },
  "per_question": {
    "bm25": [
      {
        "question_id": "auto_048",
        "document_id": "bd2f85ad_웹:파이썬 프로그래밍 프로젝트 #6 보고서_index.json",
        "answer": "연구 목표 및 시스템 제안에서 '워크핏' CDSS의 개발 배경을 설명하면서, 임상 현장에서 다양한 한계점들이 존재한다고 언급하고 있습니다. 이에 따라 저비용 고효율 CDSS인 '워크핏'이 필요하다는 것입니다. 가상 센서 기술을 활용하여 이를 구축하는 것이 제안된 바입니다.",
        "retrieved_count": 3,
        "context_tokens": 54,
        "latency": 9.328960416984046,
        "rouge_l": 0.15384615384615385,
        "bertscore": 0.23076923076923075,
        "llm_judge": 0.7999999999999999
      },
      {
        "question_id": "auto_079",
        "document_id": "hotpotqa_hp_sample_002_index.json",
        "answer": "Higher-frequency probes offer better resolution but reduced penetration depth due to increased absorption of acoustic energy.",
        "retrieved_count": 3,
        "context_tokens": 126,
        "latency": 1.9026508750102948,
        "rouge_l": 0.7058823529411765,
        "bertscore": 0.7058823529411765,
        "llm_judge": 0.7999999999999999
      },
      {
        "question_id": "auto_006",
        "document_id": "0cbccdf9_2204.08939v1-2_index.json",
        "answer": "0cbccdf9 2204.08939v1-2은 1. Introduction과 관련이 있습니다. \n\n1. Introduction에서는 심장 혈관병의 진단 및 예후에 대한 혈동학의 비중을 강조하고, 의료 이미지만으로는 충분하지 않다고 언급했습니다. 또한 image-based computational modeling (CFD/FSI)의 높은 컴퓨팅 비용과 수치적 난제를 지적했으며, 그 대안으로 Reduced-order modeling (ROM)과 Data-driven machine learning (ML) 방법을介绍했습니다. \n\n그 중에서 0cbccdf9 2204.08939v1-2는 ML-based surrogate modeling solution에 대한 논문입니다.",
        "retrieved_count": 3,
        "context_tokens": 426,
        "latency": 13.770855915994616,
        "rouge_l": 0.13559322033898305,
        "bertscore": 0.14406779661016947,
        "llm_judge": 0.7999999999999999
      }
    ],
    "dense": [
      {
        "question_id": "auto_048",
        "document_id": "bd2f85ad_웹:파이썬 프로그래밍 프로젝트 #6 보고서_index.json",
        "answer": "딥러닝 기반 임상 의사 결정 지원 시스템 (CDSS) '워크핏'의 전반적인 목표는 진료실 내에서 간편하고 정확한 정량적 분석을 가능하게 하는 도구를 개발하는 것입니다. 이를 달성하기 위해 딥러닝 기술이 사용되었다고 생각됩니다.",
        "retrieved_count": 3,
        "context_tokens": 55,
        "latency": 7.586754624993773,
        "rouge_l": 0.273972602739726,
        "bertscore": 0.35616438356164387,
        "llm_judge": 0.46666666666666673
      },
      {
        "question_id": "auto_079",
        "document_id": "hotpotqa_hp_sample_002_index.json",
        "answer": "해상도는 더 높은 주파수로 증가하고 관입 깊이는 감소합니다.",
        "retrieved_count": 3,
        "context_tokens": 126,
        "latency": 2.0022350829967763,
        "rouge_l": 0.0,
        "bertscore": 0.0,
        "llm_judge": 0.7999999999999999
      },
      {
        "question_id": "auto_006",
        "document_id": "0cbccdf9_2204.08939v1-2_index.json",
        "answer": "해당 정보는 제공되지 않았습니다.",
        "retrieved_count": 3,
        "context_tokens": 307,
        "latency": 1.3298183750011958,
        "rouge_l": 0.0,
        "bertscore": 0.0,
        "llm_judge": 0.46666666666666673
      }
    ],
    "flatrag": [
      {
        "question_id": "auto_048",
        "document_id": "bd2f85ad_웹:파이썬 프로그래밍 프로젝트 #6 보고서_index.json",
        "answer": "임상 현장에서 발생하는 한계점을 극복하고 저비용으로 고효율의 의료 지원 시스템인 '워크핏' CDSS를 개발하기 위해 가상 센서 기술이 제안된 것으로 보입니다.",
        "retrieved_count": 3,
        "context_tokens": 0,
        "latency": 4.917901000007987,
        "rouge_l": 0.1904761904761905,
        "bertscore": 0.22222222222222227,
        "llm_judge": 0.7999999999999999
      },
      {
        "question_id": "auto_079",
        "document_id": "hotpotqa_hp_sample_002_index.json",
        "answer": "Higher-frequency ultrasound probes give better resolution. But they also have reduced penetration depth because higher frequencies are absorbed more strongly as they travel through tissue.",
        "retrieved_count": 3,
        "context_tokens": 0,
        "latency": 2.7284867919806857,
        "rouge_l": 0.46511627906976744,
        "bertscore": 0.46511627906976744,
        "llm_judge": 0.7999999999999999
      },
      {
        "question_id": "auto_006",
        "document_id": "0cbccdf9_2204.08939v1-2_index.json",
        "answer": "문서 3의 \"1. Introduction\" 섹션은 CFD/FSI와 ROM, 그리고 ML에 대한 소개이다.\n0cbccdf9 2204.08939v1-2는 이러한 내용을 기반으로 한 논문을 설명한다.\n\n0cbccdf9 2204.08939v1-2 문서가 관련된 주제를 아래의 순서로 정리할 수 있다.\n\n1. **인터페이스**: \n   - 기존의 CFD/FSI 방법의 문제점을 지적함.\n   - ML에 대한 소개\n\n2. **기존 방법들의 한계**\n   - CFD/FSI\n     - 고데이터 크기의 수치해석에 따른 많은 계산 비용과 수치적인 난이도\n   - ROM \n     - LP, 1D, POD-Galerkin의 한계를 지적함.\n\n3. **ML**\n   - 심혈관 체계에서 promising surrogate 모델로 ML을 소개\n\n4. **0cbccdf9 2204.08939v1-2에 대한 설명** \n   - 논문에서는 CFD/FSI와 ROM 방법의 한계를 지적하고, 대안으로 ML 방법, 특히 deep learning을 제시한다.",
        "retrieved_count": 3,
        "context_tokens": 0,
        "latency": 24.325291916989954,
        "rouge_l": 0.06766917293233084,
        "bertscore": 0.07518796992481203,
        "llm_judge": 0.7999999999999999
      }
    ],
    "raptor": [
      {
        "question_id": "auto_048",
        "document_id": "bd2f85ad_웹:파이썬 프로그래밍 프로젝트 #6 보고서_index.json",
        "answer": "워크핏 CDSS의 개발 목표는 의사가 환자의 보행을 정량적으로 분석하고 시각화할 수 있는 도구를 제공하는 것입니다. 이 목표를 달성하기 위해 가상 센서 기술과 딥러닝 기반 모델링이 제안되었습니다.",
        "retrieved_count": 5,
        "context_tokens": 302,
        "latency": 5.908578542002942,
        "rouge_l": 0.2608695652173913,
        "bertscore": 0.3478260869565218,
        "llm_judge": 0.7999999999999999
      },
      {
        "question_id": "auto_079",