{
  "source_report": "data/benchmark_reports/online_local_llama_general_v4_n100.json",
  "category_stats": {
    "factual": {
      "bm25": {
        "n": 49,
        "rouge_l": 0.5694347108768805,
        "llm_judge": 0.8108843537414966
      },
      "dense": {
        "n": 49,
        "rouge_l": 0.5152881283845235,
        "llm_judge": 0.7863945578231292
      },
      "flatrag": {
        "n": 49,
        "rouge_l": 0.614803863833178,
        "llm_judge": 0.8068027210884353
      },
      "raptor": {
        "n": 49,
        "rouge_l": 0.43665281533853595,
        "llm_judge": 0.7959183673469388
      },
      "treerag_dfs": {
        "n": 49,
        "rouge_l": 0.40817575819453794,
        "llm_judge": 0.7768707482993197
      },
      "treerag_beam": {
        "n": 49,
        "rouge_l": 0.4539886485783456,
        "llm_judge": 0.8095238095238094
      }
    },
    "multi_hop": {
      "bm25": {
        "n": 31,
        "rouge_l": 0.3728541416592374,
        "llm_judge": 0.843010752688172
      },
      "dense": {
        "n": 31,
        "rouge_l": 0.3624912638085844,
        "llm_judge": 0.8064516129032258
      },
      "flatrag": {
        "n": 31,
        "rouge_l": 0.35703574710493347,
        "llm_judge": 0.7956989247311828
      },
      "raptor": {
        "n": 31,
        "rouge_l": 0.33216856773796843,
        "llm_judge": 0.8193548387096774
      },
      "treerag_dfs": {
        "n": 31,
        "rouge_l": 0.288769322546618,
        "llm_judge": 0.8279569892473118
      },
      "treerag_beam": {
        "n": 31,
        "rouge_l": 0.3001447790085165,
        "llm_judge": 0.8365591397849462
      }
    },
    "comparative": {
      "bm25": {
        "n": 20,
        "rouge_l": 0.3900947938822702,
        "llm_judge": 0.8366666666666667
      },
      "dense": {
        "n": 20,
        "rouge_l": 0.34909209348418313,
        "llm_judge": 0.7666666666666666
      },
      "flatrag": {
        "n": 20,
        "rouge_l": 0.3356690564927433,
        "llm_judge": 0.78
      },
      "raptor": {
        "n": 20,
        "rouge_l": 0.3361526676519237,
        "llm_judge": 0.8166666666666667
      },
      "treerag_dfs": {
        "n": 20,
        "rouge_l": 0.25023714572584743,
        "llm_judge": 0.74
      },
      "treerag_beam": {
        "n": 20,
        "rouge_l": 0.308111964557842,
        "llm_judge": 0.8299999999999998
      }
    }
  }
}