{
  "dataset": "hotpotqa",
  "n_questions": 5,
  "summary": {
    "bm25": {
      "rouge_l": 0.25510167992926613,
      "bertscore": 0.25510167992926613,
      "llm_judge": 0.7866666666666666,
      "latency": 3.5591263414011336,
      "context_tokens": 76.0,
      "n": 5
    },
    "dense": {
      "rouge_l": 0.49110707803992737,
      "bertscore": 0.49110707803992737,
      "llm_judge": 0.7733333333333332,
      "latency": 1.96417004999239,
      "context_tokens": 76.0,
      "n": 5
    },
    "flatrag": {
      "rouge_l": 0.42579782790309106,
      "bertscore": 0.42579782790309106,
      "llm_judge": 0.8533333333333333,
      "latency": 2.8150878914108035,
      "context_tokens": 0.0,
      "n": 5
    },
    "raptor": {
      "rouge_l": 0.384813653779171,
      "bertscore": 0.384813653779171,
      "llm_judge": 0.8133333333333332,
      "latency": 3.9471971336053686,
      "context_tokens": 156.0,
      "n": 5
    },
    "treerag_dfs": {
      "rouge_l": 0.15462151989288947,
      "bertscore": 0.15462151989288947,
      "llm_judge": 0.8266666666666665,
      "latency": 23.078390558401587,
      "context_tokens": 3.6,
      "n": 5
    },
    "treerag_beam": {
      "rouge_l": 0.15462151989288947,
      "bertscore": 0.15462151989288947,
      "llm_judge": 0.8799999999999999,
      "latency": 0.002398991596419364,
      "context_tokens": 3.6,
      "n": 5
    }
  },
  "significance": {
    "bm25": {
      "p_value": 0.16423744153629752,
      "significant": false,
      "effect_size": 0.5474821010022023,
      "mean_diff": -0.10048016003637668
    },
    "dense": {
      "p_value": 0.18685142145670142,
      "significant": false,
      "effect_size": 1.2061212119078444,
      "mean_diff": -0.3364855581470379
    },
    "flatrag": {
      "p_value": 0.26015494664830824,
      "significant": false,
      "effect_size": 0.9419799198036862,
      "mean_diff": -0.27117630801020154
    },
    "raptor": {
      "p_value": 0.29159550348439106,
      "significant": false,
      "effect_size": 0.7808056029414451,
      "mean_diff": -0.2301921338862815
    },
    "treerag_dfs": {
      "p_value": 0.5,
      "significant": false,
      "effect_size": 0.0,
      "mean_diff": 0.0
    }
  },
  "per_question": {
    "bm25": [
      {
        "question_id": "hp_sample_004",
        "document_id": "hotpotqa_hp_sample_004_index.json",
        "answer": "Doppler mode measures the frequency shift of echoes to estimate blood-flow velocity.",
        "latency": 5.510984082997311,
        "context_tokens": 63,
        "rouge_l": 0.2666666666666667,
        "bertscore": 0.2666666666666667,
        "llm_judge": 0.7333333333333334
      },
      {
        "question_id": "hp_sample_014",
        "document_id": "hotpotqa_hp_sample_014_index.json",
        "answer": "Which was developed earlier as an application of acoustic de: HotpotQA multi-hop context for: Which was developed earlier as an application of acoustic detection, sonar or diagnostic ultrasound? [p.1-2] Sonar: Sonar was developed for underwater detection before medical use. [p.1] Diagnostic Ultrasound: Diagnostic ultrasound systems were developed later for medical imaging. [p.2]",
        "latency": 1.5067121669999324,
        "context_tokens": 67,
        "rouge_l": 0.034482758620689655,
        "bertscore": 0.034482758620689655,
        "llm_judge": 0.7999999999999999
      },
      {
        "question_id": "hp_sample_003",
        "document_id": "hotpotqa_hp_sample_003_index.json",
        "answer": "Ultrasound gel is applied to the skin to remove the air gap. It matches impedance so the beam can enter the body.",
        "latency": 3.8769024159992114,
        "context_tokens": 105,
        "rouge_l": 0.16666666666666669,
        "bertscore": 0.16666666666666669,
        "llm_judge": 0.7999999999999999
      },
      {
        "question_id": "hp_sample_010",
        "document_id": "hotpotqa_hp_sample_010_index.json",
        "answer": "The introduction states the research background.",
        "latency": 2.2030214999977034,
        "context_tokens": 71,
        "rouge_l": 0.5,
        "bertscore": 0.5,
        "llm_judge": 0.7999999999999999
      },
      {
        "question_id": "hp_sample_013",
        "document_id": "hotpotqa_hp_sample_013_index.json",
        "answer": "Bats' perception of ultrasound is cited as an early milestone in the history of ultrasound. It was studied by Spallanzani in 1793.",
        "latency": 4.69801154101151,
        "context_tokens": 74,
        "rouge_l": 0.3076923076923077,
        "bertscore": 0.3076923076923077,
        "llm_judge": 0.7999999999999999
      }
    ],
    "dense": [
      {
        "question_id": "hp_sample_004",
        "document_id": "hotpotqa_hp_sample_004_index.json",
        "answer": "Doppler mode.",
        "latency": 2.0466012499819044,
        "context_tokens": 63,
        "rouge_l": 1.0,
        "bertscore": 1.0,
        "llm_judge": 0.7999999999999999
      },
      {
        "question_id": "hp_sample_014",
        "document_id": "hotpotqa_hp_sample_014_index.json",
        "answer": "Which was developed earlier as an application of acoustic de: HotpotQA multi-hop context for: Which was developed earlier as an application of acoustic detection, sonar or diagnostic ultrasound? [p.1-2] Sonar: Sonar was developed for underwater detection before medical use. [p.1] Diagnostic Ultrasound: Diagnostic ultrasound systems were developed later for medical imaging. [p.2]",
        "latency": 1.5809502500051167,
        "context_tokens": 67,
        "rouge_l": 0.034482758620689655,
        "bertscore": 0.034482758620689655,
        "llm_judge": 0.6666666666666666
      },
      {
        "question_id": "hp_sample_003",
        "document_id": "hotpotqa_hp_sample_003_index.json",
        "answer": "Coupling Gel.",
        "latency": 1.673617958003888,
        "context_tokens": 105,
        "rouge_l": 0.5,
        "bertscore": 0.5,
        "llm_judge": 0.6666666666666666
      },
      {
        "question_id": "hp_sample_010",
        "document_id": "hotpotqa_hp_sample_010_index.json",
        "answer": "The introduction states the research background.",
        "latency": 1.9602248329902068,
        "context_tokens": 71,
        "rouge_l": 0.5,
        "bertscore": 0.5,
        "llm_judge": 0.9333333333333332
      },
      {
        "question_id": "hp_sample_013",
        "document_id": "hotpotqa_hp_sample_013_index.json",
        "answer": "In 1793 Spallanzani studied bat navigation. This revealed bats' perception of ultrasound, an early milestone.",
        "latency": 2.559455958980834,
        "context_tokens": 74,
        "rouge_l": 0.4210526315789474,
        "bertscore": 0.4210526315789474,
        "llm_judge": 0.7999999999999999
      }
    ],
    "flatrag": [
      {
        "question_id": "hp_sample_004",
        "document_id": "hotpotqa_hp_sample_004_index.json",
        "answer": "Doppler mode.",
        "latency": 1.9777272080245893,
        "context_tokens": 0,
        "rouge_l": 1.0,
        "bertscore": 1.0,
        "llm_judge": 1.0
      },
      {
        "question_id": "hp_sample_014",
        "document_id": "hotpotqa_hp_sample_014_index.json",
        "answer": "Based on the retrieved documents:\n\n[Document 1: Which was developed earlier as an application of acoustic de (p.1-2)]\nHotpotQA multi-hop context for: Which was developed earlier as an application of acoustic detection, sonar or diagnostic ultrasound?\n\n[Document 2: Sonar (p.1)]\nSonar was developed for underwater detection before medical use.\n\n[Document 3: Diagnostic Ultrasound (p.2)]\nDiagnostic ultrasound systems were developed later for medical imaging.\n\n\nAnswer: The documents discuss aspects related to: Which was developed earlier as an application of acoustic detection, sonar or diagnostic ultrasound",
        "latency": 1.805304708017502,
        "context_tokens": 0,
        "rouge_l": 0.02222222222222222,
        "bertscore": 0.02222222222222222,