{
  "fullbench_llm_judge": {
    "_meta": {
      "file": "online_local_llama_general_v4_n100.json",
      "n": 100
    },
    "bm25": {
      "n": 100,
      "mean_a": 0.8220000000000001,
      "mean_b": 0.826,
      "md": -0.003999999999999987,
      "ci": [
        -0.02999999999999998,
        0.023333333333333345
      ],
      "dz": -0.028279828076941873,
      "p_perm": 0.8175182481751825,
      "p_t": 0.7779219171744842,
      "power": 0.05903302147146537,
      "n80": 9816
    },
    "dense": {
      "n": 100,
      "mean_a": 0.8220000000000001,
      "mean_b": 0.7886666666666667,
      "md": 0.03333333333333333,
      "ci": [
        0.004666666666666681,
        0.06266666666666669
      ],
      "dz": 0.22051021386872818,
      "p_perm": 0.0268973102689731,
      "p_t": 0.029761479247440614,
      "power": 0.588526668469867,
      "n80": 163
    },
    "flatrag": {
      "n": 100,
      "mean_a": 0.8220000000000001,
      "mean_b": 0.7979999999999998,
      "md": 0.023999999999999994,
      "ci": [
        0.000666666666666676,
        0.04799999999999998
      ],
      "dz": 0.19929295527138524,
      "p_perm": 0.051894810518948106,
      "p_t": 0.04902162744666477,
      "power": 0.5054732897150765,
      "n80": 199
    },
    "raptor": {
      "n": 100,
      "mean_a": 0.8220000000000001,
      "mean_b": 0.8073333333333333,
      "md": 0.014666666666666682,
      "ci": [
        -0.011333333333333315,
        0.041333333333333354
      ],
      "dz": 0.10901884080088375,
      "p_perm": 0.26407359264073593,
      "p_t": 0.2782765762581453,
      "power": 0.19052456200881923,
      "n80": 662
    },
    "treerag_dfs": {
      "n": 100,
      "mean_a": 0.8220000000000001,
      "mean_b": 0.7853333333333332,
      "md": 0.036666666666666674,
      "ci": [
        0.010666666666666682,
        0.06466666666666666
      ],
      "dz": 0.2649070533685898,
      "p_perm": 0.007399260073992601,
      "p_t": 0.009395506003635545,
      "power": 0.746442725417916,
      "n80": 113
    }
  },
  "fullbench_rouge": {
    "_meta": {
      "file": "online_local_llama_general_v4_n100.json",
      "n": 100
    },
    "bm25": {
      "n": 100,
      "mean_a": 0.3771217122075978,
      "mean_b": 0.472626751020489,
      "md": -0.09550503881289123,
      "ci": [
        -0.15458779427267327,
        -0.038390742091076846
      ],
      "dz": -0.3214238832338949,
      "p_perm": 0.0018998100189981002,
      "p_t": 0.001766164019193422,
      "power": 0.8893242573565588,
      "n80": 77
    },
    "dense": {
      "n": 100,
      "mean_a": 0.3771217122075978,
      "mean_b": 0.4346818933859143,
      "md": -0.05756018117831646,
      "ci": [
        -0.10931118388707596,
        -0.005285017815653534
      ],
      "dz": -0.21417136416870403,
      "p_perm": 0.036896310368963105,
      "p_t": 0.03467020304663641,
      "power": 0.5639538439257705,
      "n80": 173
    },
    "flatrag": {
      "n": 100,
      "mean_a": 0.3771217122075978,
      "mean_b": 0.47906878617933524,
      "md": -0.10194707397173736,
      "ci": [
        -0.15847228576112407,
        -0.04433824741483142
      ],
      "dz": -0.3508854339191991,
      "p_perm": 0.0005999400059994001,
      "p_t": 0.0006787073827384762,
      "power": 0.935069793557817,
      "n80": 65
    },
    "raptor": {
      "n": 100,
      "mean_a": 0.3771217122075978,
      "mean_b": 0.3841626690450375,
      "md": -0.007040956837439689,
      "ci": [
        -0.052689109344139874,
        0.04108648821561032
      ],
      "dz": -0.029250224278606497,
      "p_perm": 0.76992300769923,
      "p_t": 0.7705147927478871,
      "power": 0.05966706217706002,
      "n80": 9175
    },
    "treerag_dfs": {
      "n": 100,
      "mean_a": 0.3771217122075978,
      "mean_b": 0.33957204064994473,
      "md": 0.0375496715576532,
      "ci": [
        -3.749803389084562e-05,
        0.07429481093198843
      ],
      "dz": 0.19770702960672368,
      "p_perm": 0.0532946705329467,
      "p_t": 0.050814887108016946,
      "power": 0.4992111780531279,
      "n80": 202
    }
  },
  "multihop_llm_judge": {
    "dense": {
      "n": 11,
      "mean_a": 0.787878787878788,
      "mean_b": 0.7393939393939394,
      "md": 0.04848484848484851,
      "ci": [
        -0.05454545454545452,
        0.16969696969696973
      ],
      "dz": 0.2421797398482415,
      "p_perm": 0.42995700429957007,
      "p_t": 0.4405216964361719,
      "power": 0.11267104050199524,
      "n80": 135
    },
    "bm25": {
      "n": 11,
      "mean_a": 0.787878787878788,
      "mean_b": 0.8424242424242423,
      "md": -0.05454545454545448,
      "ci": [
        -0.12727272727272715,
        0.01818181818181823
      ],
      "dz": -0.42174116783664967,
      "p_perm": 0.23607639236076391,
      "p_t": 0.1921270313561682,
      "power": 0.24468789665623708,
      "n80": 46
    },
    "flatrag": {
      "n": 11,
      "mean_a": 0.787878787878788,
      "mean_b": 0.7878787878787878,
      "md": 3.027880976250427e-17,
      "ci": [
        -0.06666666666666665,
        0.060606060606060656
      ],
      "dz": 2.6222218450684957e-16,
      "p_perm": 0.9229077092290771,
      "p_t": 0.9999999999999993,
      "power": 0.050000000000000044,
      "n80": 114148132965488300033200023928832
    },
    "raptor": {
      "n": 11,
      "mean_a": 0.787878787878788,
      "mean_b": 0.7696969696969697,
      "md": 0.018181818181818212,
      "ci": [
        -0.04848484848484842,
        0.0787878787878788
      ],
      "dz": 0.15698417330459513,
      "p_perm": 0.5094490550944906,
      "p_t": 0.613937538522123,
      "power": 0.07594721104934798,
      "n80": 320
    }
  },
  "citation_f1": {
    "bm25": {
      "n": 40,
      "mean_a": 0.7572916666666666,
      "mean_b": 0.5617857142857143,
      "md": 0.19550595238095236,
      "ci": [
        0.0808251488095238,
        0.30488095238095236
      ],
      "dz": 0.5312876189524118,
      "p_perm": 0.0022997700229977,
      "p_t": 0.0017523087469220103,
      "power": 0.9059747268210381,
      "n80": 29
    },
    "dense": {
      "n": 40,
      "mean_a": 0.7572916666666666,
      "mean_b": 0.46678571428571425,
      "md": 0.29050595238095234,
      "ci": [
        0.17217187499999997,
        0.4073839285714286
      ],
      "dz": 0.7616098529513926,
      "p_perm": 0.00029997000299970003,
      "p_t": 2.228466486967145e-05,
      "power": 0.9968838815142397,
      "n80": 15
    },
    "flatrag": {
      "n": 40,
      "mean_a": 0.7572916666666666,
      "mean_b": 0.5701190476190476,
      "md": 0.187172619047619,
      "ci": [
        0.0763363095238095,
        0.2945558035714285
      ],
      "dz": 0.5211372890217207,
      "p_perm": 0.0031996800319968005,
      "p_t": 0.0020957582540377506,
      "power": 0.8950455292873364,
      "n80": 30
    },
    "raptor": {
      "n": 40,
      "mean_a": 0.7572916666666666,
      "mean_b": 0.0,
      "md": 0.7572916666666666,
      "ci": [
        0.6583333333333333,
        0.8489583333333333
      ],
      "dz": 2.38936136387889,
      "p_perm": 9.999000099990002e-05,
      "p_t": 6.81380095739849e-18,
      "power": 1.0,
      "n80": 3
    }
  },
  "hotpot_llm_judge": {
    "_meta": {
      "file": "exp2_multihop_hotpotqa_20260707_022936.json",
      "n": 100
    },
    "bm25": {
      "n": 100,
      "mean_a": 0.6160000000000001,
      "mean_b": 0.6533333333333334,
      "md": -0.03733333333333332,
      "ci": [
        -0.084,
        0.011349999999999765
      ],
      "dz": -0.15229082005945058,
      "p_perm": 0.1347865213478652,
      "p_t": 0.13096964021757126,
      "power": 0.3259613141456438,
      "n80": 340
    },
    "dense": {
      "n": 100,
      "mean_a": 0.6160000000000001,
      "mean_b": 0.628,
      "md": -0.011999999999999988,
      "ci": [
        -0.05999999999999999,
        0.03599999999999999
      ],
      "dz": -0.048875465271281275,
      "p_perm": 0.635036496350365,
      "p_t": 0.6260963797580458,
      "power": 0.07724360824931782,