{
  "General (n=204)": {
    "bm25": {
      "n": 204,
      "mean_a": 0.45139394885950923,
      "mean_b": 0.32357858649876303,
      "mean_diff": 0.12781536236074617,
      "ci_md": [
        0.09995615420755065,
        0.15613480562131135
      ],
      "dz": 0.6190763281411094,
      "ci_dz": [
        0.47704827498790164,
        0.7762708385951569
      ],
      "p_perm": 9.999000099990002e-05,
      "p_ttest": 4.555515582061923e-16,
      "power": 0.9999999999960377,
      "n_req": 22
    },
    "dense": {
      "n": 204,
      "mean_a": 0.45139394885950923,
      "mean_b": 0.290062852738664,
      "mean_diff": 0.1613310961208452,
      "ci_md": [
        0.1358936510164709,
        0.18659610142073896
      ],
      "dz": 0.8658232468748753,
      "ci_dz": [
        0.7198873446748603,
        1.01899001225575
      ],
      "p_perm": 9.999000099990002e-05,
      "p_ttest": 1.499143982998043e-26,
      "power": 1.0,
      "n_req": 12
    },
    "flatrag": {
      "n": 204,
      "mean_a": 0.45139394885950923,
      "mean_b": 0.2482204273390509,
      "mean_diff": 0.2031735215204583,
      "ci_md": [
        0.1745389399278707,
        0.2322108781661469
      ],
      "dz": 0.9724935041866988,
      "ci_dz": [
        0.8213464035429414,
        1.14277881692042
      ],
      "p_perm": 9.999000099990002e-05,
      "p_ttest": 2.8441618745563035e-31,
      "power": 1.0,
      "n_req": 10
    },
    "raptor": {
      "n": 204,
      "mean_a": 0.45139394885950923,
      "mean_b": 0.19420740893376745,
      "mean_diff": 0.25718653992574175,
      "ci_md": [
        0.22835426303127998,
        0.28593481480882144
      ],
      "dz": 1.2227191116778757,
      "ci_dz": [
        1.0889101972582491,
        1.3814654495569076
      ],
      "p_perm": 9.999000099990002e-05,
      "p_ttest": 2.6528704590452702e-42,
      "power": 1.0,
      "n_req": 7
    }
  },
  "Medical (n=42)": {
    "bm25": {
      "n": 42,
      "mean_a": 0.36572509980614215,
      "mean_b": 0.35834435360976563,
      "mean_diff": 0.007380746196376499,
      "ci_md": [
        -0.021231617179725503,
        0.030870403884850725
      ],
      "dz": 0.0855002945787562,
      "ci_dz": [
        -0.18200678933546255,
        0.4685024052758652
      ],
      "p_perm": 0.6285371462853715,
      "p_ttest": 0.5825166719648828,
      "power": 0.08417731759206569,
      "n_req": 1075
    },
    "dense": {
      "n": 42,
      "mean_a": 0.36572509980614215,
      "mean_b": 0.31456451648122646,
      "mean_diff": 0.051160583324915694,
      "ci_md": [
        0.020537133248350017,
        0.08646042494473852
      ],
      "dz": 0.46105273416108383,
      "ci_dz": [
        0.29131277493718266,
        0.6324421987233751
      ],
      "p_perm": 0.0017998200179982,
      "p_ttest": 0.004726917544815964,
      "power": 0.8308022430379052,
      "n_req": 38
    },
    "flatrag": {
      "n": 42,
      "mean_a": 0.36572509980614215,
      "mean_b": 0.27051669030869435,
      "mean_diff": 0.09520840949744769,
      "ci_md": [
        0.07132147305308073,
        0.11501929030845802
      ],
      "dz": 1.308727984662981,
      "ci_dz": [
        0.6958025973874629,
        3.3248201325021505
      ],
      "p_perm": 9.999000099990002e-05,
      "p_ttest": 1.459616629726213e-10,
      "power": 0.9999999998627647,
      "n_req": 6
    },
    "raptor": {
      "n": 42,
      "mean_a": 0.36572509980614215,
      "mean_b": 0.053384959365012294,
      "mean_diff": 0.3123401404411298,
      "ci_md": [
        0.2815656034660639,
        0.3419196327731915
      ],
      "dz": 3.0816098728366055,
      "ci_dz": [
        2.2406250008621313,
        4.953215707718118
      ],
      "p_perm": 9.999000099990002e-05,
      "p_ttest": 9.717022556063126e-23,
      "power": 1.0,
      "n_req": 2
    }
  },
  "HotpotQA (n=100)": {
    "bm25": {
      "n": 100,
      "mean_a": 0.10358145112743095,
      "mean_b": 0.06205431873709548,
      "mean_diff": 0.04152713239033546,
      "ci_md": [
        -0.003252609924573231,
        0.09049895053985617
      ],
      "dz": 0.1698829933828683,
      "ci_dz": [
        -0.015867212307934093,
        0.3301818080873376
      ],
      "p_perm": 0.09619038096190381,
      "p_ttest": 0.0924918456771529,
      "power": 0.39078969896594046,
      "n_req": 273
    },
    "dense": {
      "n": 100,
      "mean_a": 0.10358145112743095,
      "mean_b": 0.06367053103209569,
      "mean_diff": 0.03991092009533525,
      "ci_md": [
        0.0015102476938340969,
        0.08221473978598696
      ],
      "dz": 0.1918470049369338,
      "ci_dz": [
        0.008402265011575146,
        0.3473160449921349
      ],
      "p_perm": 0.05369463053694631,
      "p_ttest": 0.05793229322396801,
      "power": 0.4760879565995778,
      "n_req": 215
    },
    "flatrag": {
      "n": 100,
      "mean_a": 0.10358145112743095,
      "mean_b": 0.06830276950532588,
      "mean_diff": 0.03527868162210504,
      "ci_md": [
        -0.011506419725459799,
        0.0840645957638505
      ],
      "dz": 0.14607430177018796,
      "ci_dz": [
        -0.04901854228652918,
        0.3342889737729788
      ],
      "p_perm": 0.13858614138586142,
      "p_ttest": 0.14725248349663592,
      "power": 0.30417173805570824,
      "n_req": 369
    },
    "raptor": {
      "n": 100,
      "mean_a": 0.10358145112743095,
      "mean_b": 0.05369472278344868,
      "mean_diff": 0.049886728343982265,
      "ci_md": [
        0.009462772729246002,
        0.09192576524619411
      ],
      "dz": 0.23586566511391968,
      "ci_dz": [
        0.0489722472141463,
        0.39222740007213885
      ],
      "p_perm": 0.0170982901709829,
      "p_ttest": 0.02030562823332655,
      "power": 0.6464624547133547,
      "n_req": 143
    }
  }
}