{
  "rouge_l|treerag_dfs|bm25": {
    "n": 100,
    "tr": 0.0651278193230764,
    "base": 0.12217786189002798,
    "md": -0.057050042566951564,
    "ci": [
      -0.0996679052555688,
      -0.01563850158843546
    ],
    "dz": -0.2629357237972225,
    "p_perm": 0.0081991800819918,
    "p_t": 0.00991933058623394,
    "power": 0.740153292063603,
    "n80": 115
  },
  "rouge_l|treerag_dfs|dense": {
    "n": 100,
    "tr": 0.0651278193230764,
    "base": 0.1017063191469611,
    "md": -0.03657849982388468,
    "ci": [
      -0.08171353554018031,
      0.007663079178751152
    ],
    "dz": -0.1600685492543292,
    "p_perm": 0.1136886311368863,
    "p_t": 0.11263299721099738,
    "power": 0.3541005066351361,
    "n80": 308
  },
  "rouge_l|treerag_dfs|flatrag": {
    "n": 100,
    "tr": 0.0651278193230764,
    "base": 0.09751103630905915,
    "md": -0.03238321698598273,
    "ci": [
      -0.07104903259698876,
      0.004906220494456688
    ],
    "dz": -0.1677585149156061,
    "p_perm": 0.096990300969903,
    "p_t": 0.09658265381548103,
    "power": 0.3827497815507377,
    "n80": 280
  },
  "rouge_l|treerag_dfs|raptor": {
    "n": 100,
    "tr": 0.0651278193230764,
    "base": 0.08647532950713314,
    "md": -0.021347510184056714,
    "ci": [
      -0.05870516882657099,
      0.014349063703574175
    ],
    "dz": -0.11384104888721516,
    "p_perm": 0.2705729427057294,
    "p_t": 0.25769650356440477,
    "power": 0.2035513840626608,
    "n80": 607
  },
  "rouge_l|treerag_beam|bm25": {
    "n": 100,
    "tr": 0.0651278193230764,
    "base": 0.12217786189002798,
    "md": -0.057050042566951564,
    "ci": [
      -0.10022206012119951,
      -0.014982338677448161
    ],
    "dz": -0.2629357237972225,
    "p_perm": 0.0086991300869913,
    "p_t": 0.00991933058623394,
    "power": 0.740153292063603,
    "n80": 115
  },
  "rouge_l|treerag_beam|dense": {
    "n": 100,
    "tr": 0.0651278193230764,
    "base": 0.1017063191469611,
    "md": -0.03657849982388468,
    "ci": [
      -0.0831443769544233,
      0.005944502633437784
    ],
    "dz": -0.1600685492543292,
    "p_perm": 0.12018798120187982,
    "p_t": 0.11263299721099738,
    "power": 0.3541005066351361,
    "n80": 308
  },
  "rouge_l|treerag_beam|flatrag": {
    "n": 100,
    "tr": 0.0651278193230764,
    "base": 0.09751103630905915,
    "md": -0.03238321698598273,
    "ci": [
      -0.06931405499474479,
      0.004349354471732136
    ],
    "dz": -0.1677585149156061,
    "p_perm": 0.09529047095290472,
    "p_t": 0.09658265381548103,
    "power": 0.3827497815507377,
    "n80": 280
  },
  "rouge_l|treerag_beam|raptor": {
    "n": 100,
    "tr": 0.0651278193230764,
    "base": 0.08647532950713314,
    "md": -0.021347510184056714,
    "ci": [
      -0.058088915853216,
      0.014835938402468656
    ],
    "dz": -0.11384104888721516,
    "p_perm": 0.26687331266873315,
    "p_t": 0.25769650356440477,
    "power": 0.2035513840626608,
    "n80": 607
  },
  "llm_judge|treerag_dfs|bm25": {
    "n": 100,
    "tr": 0.6486666666666666,
    "base": 0.574,
    "md": 0.07466666666666667,
    "ci": [
      0.02200000000000001,
      0.12733333333333333
    ],
    "dz": 0.2787219354941284,
    "p_perm": 0.007699230076992301,
    "p_t": 0.006373984437316439,
    "power": 0.788181277378468,
    "n80": 103
  },
  "llm_judge|treerag_dfs|dense": {
    "n": 100,
    "tr": 0.6486666666666666,
    "base": 0.598,
    "md": 0.05066666666666666,
    "ci": [
      -0.0013333333333333316,
      0.10266666666666666
    ],
    "dz": 0.18938882029017248,
    "p_perm": 0.06079392060793921,
    "p_t": 0.061159185470917664,
    "power": 0.4664085017712679,
    "n80": 220
  },
  "llm_judge|treerag_dfs|flatrag": {
    "n": 100,
    "tr": 0.6486666666666666,
    "base": 0.614,
    "md": 0.03466666666666666,
    "ci": [
      -0.013333333333333343,
      0.08466666666666665
    ],
    "dz": 0.1377411136523965,
    "p_perm": 0.17898210178982102,
    "p_t": 0.17149131507871496,
    "power": 0.2760644606702202,
    "n80": 415
  },
  "llm_judge|treerag_dfs|raptor": {
    "n": 100,
    "tr": 0.6486666666666666,
    "base": 0.5846666666666667,
    "md": 0.064,
    "ci": [
      0.006666666666666683,
      0.12066666666666669
    ],
    "dz": 0.2199563016033541,
    "p_perm": 0.032396760323967606,
    "p_t": 0.03016481326845889,
    "power": 0.5863916940055068,
    "n80": 164
  },
  "llm_judge|treerag_beam|bm25": {
    "n": 100,
    "tr": 0.6213333333333334,
    "base": 0.574,
    "md": 0.04733333333333333,
    "ci": [
      -0.0033333333333333283,
      0.09933333333333333
    ],
    "dz": 0.18092534631482052,
    "p_perm": 0.07489251074892511,
    "p_t": 0.0734464655042531,
    "power": 0.4332743720029013,
    "n80": 241
  },
  "llm_judge|treerag_beam|dense": {
    "n": 100,
    "tr": 0.6213333333333334,
    "base": 0.598,
    "md": 0.02333333333333333,
    "ci": [
      -0.029999999999999995,
      0.07601666666666644
    ],
    "dz": 0.08586885938634506,
    "p_perm": 0.3972602739726027,
    "p_t": 0.3925866506703315,
    "power": 0.1360636526650871,
    "n80": 1066
  },
  "llm_judge|treerag_beam|flatrag": {
    "n": 100,
    "tr": 0.6213333333333334,
    "base": 0.614,
    "md": 0.007333333333333326,
    "ci": [
      -0.03933333333333334,
      0.056666666666666664
    ],
    "dz": 0.02972446654975888,
    "p_perm": 0.7754224577542246,
    "p_t": 0.7669025253776265,
    "power": 0.05998487088087556,
    "n80": 8885
  },
  "llm_judge|treerag_beam|raptor": {
    "n": 100,
    "tr": 0.6213333333333334,
    "base": 0.5846666666666667,
    "md": 0.03666666666666667,
    "ci": [
      -0.018666666666666644,
      0.09266666666666667
    ],
    "dz": 0.12917495109335536,
    "p_perm": 0.1942805719428057,
    "p_t": 0.19945145814316392,
    "power": 0.24862089528019005,
    "n80": 472
  }
}