{
  "General (n=204)": {
    "bm25": {
      "n": 204,
      "mean_a": 0.45139394885950923,
      "mean_b": 0.32357858649876303,
      "mean_diff": 0.12781536236074617,
      "ci_md": [
        0.09995615420755065,
        0.15613480562131135
      ],
      "dz": 0.6190763281411094,
      "ci_dz": [
        0.47704827498790164,
        0.7762708385951569
      ],
      "p_perm": 9.999000099990002e-05,
      "p_ttest": 4.555515582061923e-16,
      "power": 0.9999999999960377,
      "n_req": 22
    },
    "dense": {
      "n": 204,
      "mean_a": 0.45139394885950923,
      "mean_b": 0.290062852738664,
      "mean_diff": 0.1613310961208452,
      "ci_md": [
        0.1358936510164709,
        0.18659610142073896
      ],
      "dz": 0.8658232468748753,
      "ci_dz": [
        0.7198873446748603,
        1.01899001225575
      ],
      "p_perm": 9.999000099990002e-05,
      "p_ttest": 1.499143982998043e-26,
      "power": 1.0,
      "n_req": 12
    },
    "flatrag": {
      "n": 204,
      "mean_a": 0.45139394885950923,
      "mean_b": 0.2482204273390509,
      "mean_diff": 0.2031735215204583,
      "ci_md": [
        0.1745389399278707,
        0.2322108781661469
      ],
      "dz": 0.9724935041866988,
      "ci_dz": [
        0.8213464035429414,
        1.14277881692042
      ],
      "p_perm": 9.999000099990002e-05,
      "p_ttest": 2.8441618745563035e-31,
      "power": 1.0,
      "n_req": 10
    },
    "raptor": {
      "n": 204,
      "mean_a": 0.45139394885950923,
      "mean_b": 0.19420740893376745,
      "mean_diff": 0.25718653992574175,
      "ci_md": [
        0.22835426303127998,
        0.28593481480882144
      ],
      "dz": 1.2227191116778757,
      "ci_dz": [
        1.0889101972582491,
        1.3814654495569076
      ],
      "p_perm": 9.999000099990002e-05,
      "p_ttest": 2.6528704590452702e-42,
      "power": 1.0,
      "n_req": 7
    }
  },
  "Medical (n=42)": {
    "bm25": {
      "n": 42,
      "mean_a": 0.36572509980614215,
      "mean_b": 0.35834435360976563,
      "mean_diff": 0.007380746196376499,
      "ci_md": [
        -0.021231617179725503,
        0.030870403884850725
      ],
      "dz": 0.0855002945787562,
      "ci_dz": [
        -0.18200678933546255,
        0.4685024052758652
      ],
      "p_perm": 0.6285371462853715,
      "p_ttest": 0.5825166719648828,
      "power": 0.08417731759206569,
      "n_req": 1075
    },
    "dense": {
      "n": 42,
      "mean_a": 0.36572509980614215,
      "mean_b": 0.31456451648122646,
      "mean_diff": 0.051160583324915694,
      "ci_md": [
        0.020537133248350017,
        0.08646042494473852
      ],
      "dz": 0.46105273416108383,
      "ci_dz": [
        0.29131277493718266,
        0.6324421987233751
      ],
      "p_perm": 0.0017998200179982,
      "p_ttest": 0.004726917544815964,
      "power": 0.8308022430379052,
      "n_req": 38
    },
    "flatrag": {
      "n": 42,
      "mean_a": 0.36572509980614215,
      "mean_b": 0.27051669030869435,
      "mean_diff": 0.09520840949744769,
      "ci_md": [
        0.07132147305308073,
        0.11501929030845802
      ],
      "dz": 1.308727984662981,
      "ci_dz": [
        0.6958025973874629,
        3.3248201325021505
      ],
      "p_perm": 9.999000099990002e-05,
      "p_ttest": 1.459616629726213e-10,
      "power": 0.9999999998627647,
      "n_req": 6
    },
    "raptor": {
      "n": 42,
      "mean_a": 0.36572509980614215,
      "mean_b": 0.053384959365012294,
      "mean_diff": 0.3123401404411298,
      "ci_md": [
        0.2815656034660639,
        0.3419196327731915
      ],
      "dz": 3.0816098728366055,
      "ci_dz": [
        2.2406250008621313,
        4.953215707718118
      ],
      "p_perm": 9.999000099990002e-05,
      "p_ttest": 9.717022556063126e-23,
      "power": 1.0,
      "n_req": 2
    }
  },
  "HotpotQA (n=100)": {
    "bm25": {
      "n": 100,
      "mean_a": 0.0651278193230764,
      "mean_b": 0.12217786189002798,
      "mean_diff": -0.057050042566951564,
      "ci_md": [
        -0.0998803626771338,
        -0.014399057287369767
      ],
      "dz": -0.2629357237972225,
      "ci_dz": [
        -0.4338657749307325,
        -0.06773395429333788
      ],
      "p_perm": 0.007499250074992501,
      "p_ttest": 0.009919330586233939,
      "power": 0.7401532920385474,
      "n_req": 115
    },
    "flatrag": {
      "n": 100,
      "mean_a": 0.0651278193230764,
      "mean_b": 0.09751103630905915,
      "mean_diff": -0.03238321698598273,
      "ci_md": [
        -0.07110687016007983,
        0.004937052636230175
      ],
      "dz": -0.1677585149156061,
      "ci_dz": [
        -0.35168231733146904,
        0.025013438250240334
      ],
      "p_perm": 0.09709029097090291,
      "p_ttest": 0.09658265381548099,
      "power": 0.38274978152148814,
      "n_req": 280
    },
    "raptor": {
      "n": 100,
      "mean_a": 0.0651278193230764,
      "mean_b": 0.08647532950713314,
      "mean_diff": -0.021347510184056714,
      "ci_md": [
        -0.05926629528371782,
        0.015142290896627258
      ],
      "dz": -0.11384104888721516,
      "ci_dz": [
        -0.29268700215894633,
        0.08344425157891851
      ],
      "p_perm": 0.2622737726227377,
      "p_ttest": 0.2576965035644044,
      "power": 0.20355138404092676,
      "n_req": 607
    }
  }
}