{
  "General (n=204)": {
    "bm25": {
      "n": 204,
      "mean_a": 0.45139394885950923,
      "mean_b": 0.32357858649876303,
      "mean_diff": 0.12781536236074617,
      "ci_md": [
        0.09995615420755065,
        0.15613480562131135
      ],
      "dz": 0.6190763281411094,
      "ci_dz": [
        0.47704827498790164,
        0.7762708385951569
      ],
      "p_perm": 9.999000099990002e-05,
      "p_ttest": 4.555515582061923e-16,
      "power": 0.9999999999960377,
      "n_req": 22
    },
    "dense": {
      "n": 204,
      "mean_a": 0.45139394885950923,
      "mean_b": 0.290062852738664,
      "mean_diff": 0.1613310961208452,
      "ci_md": [
        0.1358936510164709,
        0.18659610142073896
      ],
      "dz": 0.8658232468748753,
      "ci_dz": [
        0.7198873446748603,
        1.01899001225575
      ],
      "p_perm": 9.999000099990002e-05,
      "p_ttest": 1.499143982998043e-26,
      "power": 1.0,
      "n_req": 12
    },
    "flatrag": {
      "n": 204,
      "mean_a": 0.45139394885950923,
      "mean_b": 0.2482204273390509,
      "mean_diff": 0.2031735215204583,
      "ci_md": [
        0.1745389399278707,
        0.2322108781661469
      ],
      "dz": 0.9724935041866988,
      "ci_dz": [
        0.8213464035429414,
        1.14277881692042
      ],
      "p_perm": 9.999000099990002e-05,
      "p_ttest": 2.8441618745563035e-31,
      "power": 1.0,
      "n_req": 10
    },
    "raptor": {
      "n": 204,
      "mean_a": 0.45139394885950923,
      "mean_b": 0.19420740893376745,
      "mean_diff": 0.25718653992574175,
      "ci_md": [
        0.22835426303127998,
        0.28593481480882144
      ],
      "dz": 1.2227191116778757,
      "ci_dz": [
        1.0889101972582491,
        1.3814654495569076
      ],
      "p_perm": 9.999000099990002e-05,
      "p_ttest": 2.6528704590452702e-42,
      "power": 1.0,
      "n_req": 7
    }
  },
  "Medical (n=42)": {
    "bm25": {
      "n": 42,
      "mean_a": 0.36572509980614215,
      "mean_b": 0.35834435360976563,
      "mean_diff": 0.007380746196376499,
      "ci_md": [
        -0.021231617179725503,
        0.030870403884850725
      ],
      "dz": 0.0855002945787562,
      "ci_dz": [
        -0.18200678933546255,
        0.4685024052758652
      ],
      "p_perm": 0.6285371462853715,
      "p_ttest": 0.5825166719648828,
      "power": 0.08417731759206569,
      "n_req": 1075
    },
    "dense": {
      "n": 42,
      "mean_a": 0.36572509980614215,
      "mean_b": 0.31456451648122646,
      "mean_diff": 0.051160583324915694,
      "ci_md": [
        0.020537133248350017,
        0.08646042494473852
      ],
      "dz": 0.46105273416108383,
      "ci_dz": [
        0.29131277493718266,
        0.6324421987233751
      ],
      "p_perm": 0.0017998200179982,
      "p_ttest": 0.004726917544815964,
      "power": 0.8308022430379052,
      "n_req": 38
    },
    "flatrag": {
      "n": 42,
      "mean_a": 0.36572509980614215,
      "mean_b": 0.27051669030869435,
      "mean_diff": 0.09520840949744769,
      "ci_md": [
        0.07132147305308073,
        0.11501929030845802
      ],
      "dz": 1.308727984662981,
      "ci_dz": [
        0.6958025973874629,
        3.3248201325021505
      ],
      "p_perm": 9.999000099990002e-05,
      "p_ttest": 1.459616629726213e-10,
      "power": 0.9999999998627647,
      "n_req": 6
    },
    "raptor": {
      "n": 42,
      "mean_a": 0.36572509980614215,
      "mean_b": 0.053384959365012294,
      "mean_diff": 0.3123401404411298,
      "ci_md": [
        0.2815656034660639,
        0.3419196327731915
      ],
      "dz": 3.0816098728366055,
      "ci_dz": [
        2.2406250008621313,
        4.953215707718118
      ],
      "p_perm": 9.999000099990002e-05,
      "p_ttest": 9.717022556063126e-23,
      "power": 1.0,
      "n_req": 2
    }
  },
  "HotpotQA (n=100)": {
    "bm25": {
      "n": 100,
      "mean_a": 0.14503685593239335,
      "mean_b": 0.2747054776433566,
      "mean_diff": -0.1296686217109633,
      "ci_md": [
        -0.20105761576807632,
        -0.05926161400202576
      ],
      "dz": -0.35285158909049597,
      "ci_dz": [
        -0.5241900000879299,
        -0.17473450197211998
      ],
      "p_perm": 0.0006999300069993001,
      "p_ttest": 0.0006354856742949613,
      "power": 0.9374999394228749,
      "n_req": 65
    },
    "dense": {
      "n": 100,
      "mean_a": 0.14503685593239335,
      "mean_b": 0.18419286420013684,
      "mean_diff": -0.03915600826774346,
      "ci_md": [
        -0.10243910565616332,
        0.020370170709739267
      ],
      "dz": -0.12533666379197655,
      "ci_dz": [
        -0.3006036823368069,
        0.07424098379274409
      ],
      "p_perm": 0.21307869213078692,
      "p_ttest": 0.21302429238397574,
      "power": 0.23683538152959224,
      "n_req": 501
    },
    "flatrag": {
      "n": 100,
      "mean_a": 0.14503685593239335,
      "mean_b": 0.21326743965772407,
      "mean_diff": -0.06823058372533074,
      "ci_md": [
        -0.134219834941775,
        -0.006945276746823296
      ],
      "dz": -0.21007870336158366,
      "ci_dz": [
        -0.3900871922503795,
        -0.0226506974856754
      ],
      "p_perm": 0.034896510348965105,
      "p_ttest": 0.03820003677401842,
      "power": 0.5479507079449192,
      "n_req": 179
    },
    "raptor": {
      "n": 100,
      "mean_a": 0.14503685593239335,
      "mean_b": 0.16228747169644325,
      "mean_diff": -0.017250615764049897,
      "ci_md": [
        -0.08297804547691072,
        0.04536393963531071
      ],
      "dz": -0.05261271904231875,
      "ci_dz": [
        -0.24379696226568356,
        0.15249769988800124
      ],
      "p_perm": 0.6039396060393961,
      "p_ttest": 0.5999765007210127,
      "power": 0.08163674844021435,
      "n_req": 2837
    }
  }
}