{
  "fullbench_llm_judge": {
    "_meta": {
      "file": "online_local_llama_general_v3_n100.json",
      "n": 100
    },
    "bm25": {
      "n": 99,
      "mean_a": 0.8228956228956229,
      "mean_b": 0.7811447811447811,
      "md": 0.04175084175084176,
      "ci": [
        0.01010101010101011,
        0.07407407407407408
      ],
      "dz": 0.25036780130693415,
      "p_perm": 0.012698730126987301,
      "p_t": 0.014414218269979602,
      "power": 0.6938183558134408,
      "n80": 127
    },
    "dense": {
      "n": 99,
      "mean_a": 0.8228956228956229,
      "mean_b": 0.7851851851851852,
      "md": 0.03771043771043772,
      "ci": [
        0.004713804713804733,
        0.0707070707070707
      ],
      "dz": 0.2233954437318779,
      "p_perm": 0.025997400259974,
      "p_t": 0.028530677367733667,
      "power": 0.5952280876266791,
      "n80": 159
    },
    "flatrag": {
      "n": 99,
      "mean_a": 0.8228956228956229,
      "mean_b": 0.7858585858585858,
      "md": 0.03703703703703704,
      "ci": [
        0.006734006734006745,
        0.06734006734006734
      ],
      "dz": 0.23701186220848197,
      "p_perm": 0.019498050194980503,
      "p_t": 0.02034765892528732,
      "power": 0.6462212987969083,
      "n80": 141
    },
    "raptor": {
      "n": 99,
      "mean_a": 0.8228956228956229,
      "mean_b": 0.7737373737373737,
      "md": 0.049158249158249165,
      "ci": [
        0.01683501683501685,
        0.08148148148148147
      ],
      "dz": 0.2987109121181652,
      "p_perm": 0.0032996700329967,
      "p_t": 0.0037210662763026764,
      "power": 0.8371783221203262,
      "n80": 89
    },
    "treerag_dfs": {
      "n": 99,
      "mean_a": 0.8228956228956229,
      "mean_b": 0.7905723905723906,
      "md": 0.03232323232323232,
      "ci": [
        0.0026936026936026963,
        0.06195286195286195
      ],
      "dz": 0.21364399701213094,
      "p_perm": 0.0374962503749625,
      "p_t": 0.0360391175260978,
      "power": 0.557631911263478,
      "n80": 173
    }
  },
  "fullbench_rouge": {
    "_meta": {
      "file": "online_local_llama_general_v3_n100.json",
      "n": 100
    },
    "bm25": {
      "n": 100,
      "mean_a": 0.3191676937798288,
      "mean_b": 0.3715882128720234,
      "md": -0.05242051909219474,
      "ci": [
        -0.11058259860136137,
        0.006287579030690421
      ],
      "dz": -0.1757742710622521,
      "p_perm": 0.08149185081491851,
      "p_t": 0.08188222833598184,
      "power": 0.41332533772202307,
      "n80": 256
    },
    "dense": {
      "n": 100,
      "mean_a": 0.3191676937798288,
      "mean_b": 0.32338037396434005,
      "md": -0.004212680184511266,
      "ci": [
        -0.05433370120117468,
        0.04593821774954915
      ],
      "dz": -0.016265373094652532,
      "p_perm": 0.8709129087091291,
      "p_t": 0.8711226211813375,
      "power": 0.05297764080139404,
      "n80": 29669
    },
    "flatrag": {
      "n": 100,
      "mean_a": 0.3191676937798288,
      "mean_b": 0.4046614574680922,
      "md": -0.0854937636882634,
      "ci": [
        -0.1477731695762995,
        -0.022813082519194203
      ],
      "dz": -0.2628064296413951,
      "p_perm": 0.0086991300869913,
      "p_t": 0.009954592761262752,
      "power": 0.7397379907778638,
      "n80": 115
    },
    "raptor": {
      "n": 100,
      "mean_a": 0.3191676937798288,
      "mean_b": 0.2833414941123326,
      "md": 0.03582619966749617,
      "ci": [
        -0.013988982855031284,
        0.08678891966591915
      ],
      "dz": 0.13666085537456069,
      "p_perm": 0.17548245175482452,
      "p_t": 0.17484374686713744,
      "power": 0.27251981419747257,
      "n80": 422
    },
    "treerag_dfs": {
      "n": 100,
      "mean_a": 0.3191676937798288,
      "mean_b": 0.30786536202217946,
      "md": 0.011302331757649301,
      "ci": [
        -0.029200917840140544,
        0.05066355280308323
      ],
      "dz": 0.05544379803782961,
      "p_perm": 0.5808419158084192,
      "p_t": 0.5805294989490534,
      "power": 0.085191989609221,
      "n80": 2555
    }
  },
  "multihop_llm_judge": {
    "dense": {
      "n": 11,
      "mean_a": 0.7939393939393938,
      "mean_b": 0.709090909090909,
      "md": 0.08484848484848485,
      "ci": [
        0.006060606060606069,
        0.17575757575757575
      ],
      "dz": 0.5467748916915067,
      "p_perm": 0.09469053094690531,
      "p_t": 0.09983923871586235,
      "power": 0.3747134028713346,
      "n80": 28
    },
    "bm25": {
      "n": 11,
      "mean_a": 0.7939393939393938,
      "mean_b": 0.7272727272727272,
      "md": 0.06666666666666667,
      "ci": [
        -0.09090909090909088,
        0.2424242424242424
      ],
      "dz": 0.2247332874877474,
      "p_perm": 0.5017498250174982,
      "p_t": 0.47321155214434774,
      "power": 0.10379619379227195,
      "n80": 157
    },
    "flatrag": {
      "n": 11,
      "mean_a": 0.7939393939393938,
      "mean_b": 0.7636363636363637,
      "md": 0.030303030303030328,
      "ci": [
        -0.07878787878787877,
        0.13939393939393938
      ],
      "dz": 0.15615852765339575,
      "p_perm": 0.5809419058094191,
      "p_t": 0.6157784464156295,
      "power": 0.07567169693437767,
      "n80": 323
    },
    "raptor": {
      "n": 11,
      "mean_a": 0.7939393939393938,
      "mean_b": 0.7696969696969697,
      "md": 0.024242424242424242,
      "ci": [
        -0.07878787878787882,
        0.11515151515151514
      ],
      "dz": 0.13690924897713327,
      "p_perm": 0.6655334466553344,
      "p_t": 0.6594696605114992,
      "power": 0.06967631990063851,
      "n80": 420
    }
  },
  "citation_f1": {
    "bm25": {
      "n": 40,
      "mean_a": 0.7572916666666666,
      "mean_b": 0.5617857142857143,
      "md": 0.19550595238095236,
      "ci": [
        0.08029017857142855,
        0.304672619047619
      ],
      "dz": 0.5312876189524118,
      "p_perm": 0.0023997600239976003,
      "p_t": 0.0017523087469220103,
      "power": 0.9059747268210381,
      "n80": 29
    },
    "dense": {
      "n": 40,
      "mean_a": 0.7572916666666666,
      "mean_b": 0.46678571428571425,
      "md": 0.29050595238095234,
      "ci": [
        0.1728764880952381,
        0.4072916666666666
      ],
      "dz": 0.7616098529513926,
      "p_perm": 0.00019998000199980003,
      "p_t": 2.228466486967145e-05,
      "power": 0.9968838815142397,
      "n80": 15
    },
    "flatrag": {
      "n": 40,
      "mean_a": 0.7572916666666666,
      "mean_b": 0.5701190476190476,
      "md": 0.187172619047619,
      "ci": [
        0.07535565476190474,
        0.29363541666666654
      ],
      "dz": 0.5211372890217207,
      "p_perm": 0.0021997800219978004,
      "p_t": 0.0020957582540377506,
      "power": 0.8950455292873364,
      "n80": 30
    },
    "raptor": {
      "n": 40,
      "mean_a": 0.7572916666666666,
      "mean_b": 0.0,
      "md": 0.7572916666666666,
      "ci": [
        0.6572916666666666,
        0.85
      ],
      "dz": 2.38936136387889,
      "p_perm": 9.999000099990002e-05,
      "p_t": 6.81380095739849e-18,
      "power": 1.0,
      "n80": 3
    }
  },
  "hotpot_llm_judge": {
    "_meta": {
      "file": "exp2_multihop_hotpotqa_20260630_021448.json",
      "n": 100
    },
    "bm25": {
      "n": 100,
      "mean_a": 0.6213333333333334,
      "mean_b": 0.574,
      "md": 0.04733333333333333,
      "ci": [
        -0.003333333333333329,
        0.09933333333333333
      ],
      "dz": 0.18092534631482052,
      "p_perm": 0.074992500749925,
      "p_t": 0.07344646550425304,
      "power": 0.4332743719727261,
      "n80": 241
    },
    "dense": {
      "n": 100,
      "mean_a": 0.6213333333333334,
      "mean_b": 0.598,
      "md": 0.02333333333333333,
      "ci": [
        -0.029999999999999995,
        0.07666666666666665
      ],
      "dz": 0.08586885938634506,
      "p_perm": 0.39786021397860216,
      "p_t": 0.3925866506703316,
      "power": 0.1360636526481431,
      "n80": 1066
    },
    "flatrag": {
      "n": 100,