{
  "fullbench_llm_judge": {
    "bm25": {
      "n": 40,
      "mean_a": 0.8266666666666665,
      "mean_b": 0.7783333333333332,
      "md": 0.04833333333333334,
      "ci": [
        0.008333333333333335,
        0.09333333333333334
      ],
      "dz": 0.35796803739907235,
      "p_perm": 0.027097290270972903,
      "p_t": 0.02921336785773724,
      "power": 0.5979648116722972,
      "n80": 63
    },
    "dense": {
      "n": 40,
      "mean_a": 0.8266666666666665,
      "mean_b": 0.7683333333333333,
      "md": 0.058333333333333334,
      "ci": [
        0.01166666666666669,
        0.10666666666666666
      ],
      "dz": 0.3803748669011647,
      "p_perm": 0.019198080191980802,
      "p_t": 0.020981745514179983,
      "power": 0.6503279992305906,
      "n80": 56
    },
    "flatrag": {
      "n": 40,
      "mean_a": 0.8266666666666665,
      "mean_b": 0.7749999999999999,
      "md": 0.05166666666666668,
      "ci": [
        0.005000000000000018,
        0.10499999999999998
      ],
      "dz": 0.32125137385420827,
      "p_perm": 0.041495850414958506,
      "p_t": 0.04902926464572944,
      "power": 0.5086820840127771,
      "n80": 78
    },
    "raptor": {
      "n": 40,
      "mean_a": 0.8266666666666665,
      "mean_b": 0.7916666666666666,
      "md": 0.03499999999999999,
      "ci": [
        -0.0033333333333333296,
        0.07499999999999996
      ],
      "dz": 0.28116552785513027,
      "p_perm": 0.09429057094290572,
      "p_t": 0.08316048921733515,
      "power": 0.41089947549105255,
      "n80": 101
    },
    "treerag_dfs": {
      "n": 40,
      "mean_a": 0.8266666666666665,
      "mean_b": 0.7849999999999999,
      "md": 0.04166666666666666,
      "ci": [
        0.00833333333333334,
        0.07666666666666663
      ],
      "dz": 0.3802275026042366,
      "p_perm": 0.0226977302269773,
      "p_t": 0.021028217193707226,
      "power": 0.6499915821928463,
      "n80": 56
    }
  },
  "fullbench_rouge": {
    "bm25": {
      "n": 40,
      "mean_a": 0.27446498813455544,
      "mean_b": 0.30505836270395914,
      "md": -0.030593374569403635,
      "ci": [
        -0.129747816683639,
        0.06496775710438549
      ],
      "dz": -0.09704895753542989,
      "p_perm": 0.5375462453754625,
      "p_t": 0.5429169490564597,
      "power": 0.09198349706075279,
      "n80": 835
    },
    "dense": {
      "n": 40,
      "mean_a": 0.27446498813455544,
      "mean_b": 0.2867673465945165,
      "md": -0.01230235845996099,
      "ci": [
        -0.11660971447919793,
        0.08448253349275214
      ],
      "dz": -0.03752951941125377,
      "p_perm": 0.812018798120188,
      "p_t": 0.8136219282752155,
      "power": 0.05616538721332946,
      "n80": 5574
    },
    "flatrag": {
      "n": 40,
      "mean_a": 0.27446498813455544,
      "mean_b": 0.3855298504719606,
      "md": -0.11106486233740509,
      "ci": [
        -0.22384635950030768,
        -0.0029937674923085898
      ],
      "dz": -0.3065587331545881,
      "p_perm": 0.06259374062593741,
      "p_t": 0.059780504191830244,
      "power": 0.4725806949322281,
      "n80": 85
    },
    "raptor": {
      "n": 40,
      "mean_a": 0.27446498813455544,
      "mean_b": 0.2575034569544988,
      "md": 0.01696153118005673,
      "ci": [
        -0.0720260398256061,
        0.1047313228563191
      ],
      "dz": 0.05877327062927939,
      "p_perm": 0.7063293670632936,
      "p_t": 0.7121172181644081,
      "power": 0.06519759073509374,
      "n80": 2274
    },
    "treerag_dfs": {
      "n": 40,
      "mean_a": 0.27446498813455544,
      "mean_b": 0.25209217313857624,
      "md": 0.02237281499597921,
      "ci": [
        0.005031200175930508,
        0.0468858058364827
      ],
      "dz": 0.3232714712444272,
      "p_perm": 0.030996900309969003,
      "p_t": 0.047691380404645406,
      "power": 0.5136471614980958,
      "n80": 77
    }
  },
  "multihop_llm_judge": {
    "dense": {
      "n": 11,
      "mean_a": 0.8181818181818182,
      "mean_b": 0.7151515151515151,
      "md": 0.10303030303030303,
      "ci": [
        0.030303030303030318,
        0.19393939393939394
      ],
      "dz": 0.714942343090763,
      "p_perm": 0.030396960303969604,
      "p_t": 0.0391971709043317,
      "power": 0.5718209669486934,
      "n80": 17
    },
    "bm25": {
      "n": 11,
      "mean_a": 0.8181818181818182,
      "mean_b": 0.7696969696969697,
      "md": 0.04848484848484847,
      "ci": [
        -0.012121212121212128,
        0.12121212121212119
      ],
      "dz": 0.4054077189604395,
      "p_perm": 0.24867513248675133,
      "p_t": 0.20846275856690744,
      "power": 0.22973723453038575,
      "n80": 49
    },
    "flatrag": {
      "n": 11,
      "mean_a": 0.8181818181818182,
      "mean_b": 0.7515151515151515,
      "md": 0.06666666666666667,
      "ci": [
        -0.024242424242424235,
        0.18181818181818182
      ],
      "dz": 0.3535533905932738,
      "p_perm": 0.45245475452454753,
      "p_t": 0.26813077203939123,
      "power": 0.18600541848393204,
      "n80": 64
    },
    "raptor": {
      "n": 11,
      "mean_a": 0.8181818181818182,
      "mean_b": 0.7757575757575758,
      "md": 0.042424242424242385,
      "ci": [
        -0.024242424242424256,
        0.12727272727272723
      ],
      "dz": 0.30851676645296766,
      "p_perm": 0.5033496650334967,
      "p_t": 0.33031267912866447,
      "power": 0.15288921836395858,
      "n80": 84
    }
  },
  "citation_f1": {
    "bm25": {
      "n": 40,
      "mean_a": 0.7572916666666666,
      "mean_b": 0.5617857142857143,
      "md": 0.19550595238095236,
      "ci": [
        0.08249702380952378,
        0.30562723214285703
      ],
      "dz": 0.5312876189524118,
      "p_perm": 0.001999800019998,
      "p_t": 0.001752308746922009,
      "power": 0.9059747268210381,
      "n80": 29
    },
    "dense": {
      "n": 40,
      "mean_a": 0.7572916666666666,
      "mean_b": 0.46678571428571425,
      "md": 0.29050595238095234,
      "ci": [
        0.17434077380952379,
        0.4041666666666666
      ],
      "dz": 0.7616098529513926,
      "p_perm": 9.999000099990002e-05,
      "p_t": 2.2284664869671426e-05,
      "power": 0.9968838815142397,
      "n80": 15
    },
    "flatrag": {
      "n": 40,
      "mean_a": 0.7572916666666666,
      "mean_b": 0.5701190476190476,
      "md": 0.187172619047619,
      "ci": [
        0.07788467261904758,
        0.29800892857142847
      ],
      "dz": 0.5211372890217207,
      "p_perm": 0.0024997500249975004,
      "p_t": 0.0020957582540377523,
      "power": 0.8950455292873363,
      "n80": 30
    },
    "raptor": {
      "n": 40,
      "mean_a": 0.7572916666666666,
      "mean_b": 0.0,
      "md": 0.7572916666666666,
      "ci": [
        0.6556249999999999,
        0.8489583333333333
      ],
      "dz": 2.38936136387889,
      "p_perm": 9.999000099990002e-05,
      "p_t": 6.813800957398494e-18,
      "power": 1.0,
      "n80": 3
    }
  },
  "hotpot_llm_judge": {
    "bm25": {
      "n": 20,
      "mean_a": 0.8333333333333334,
      "mean_b": 0.8133333333333332,
      "md": 0.020000000000000007,
      "ci": [
        -0.05333333333333332,
        0.09000000000000001
      ],
      "dz": 0.11927401023471497,
      "p_perm": 0.5837416258374163,
      "p_t": 0.5999350417206359,
      "power": 0.07992369447253922,
      "n80": 553
    },
    "dense": {
      "n": 20,
      "mean_a": 0.8333333333333334,
      "mean_b": 0.8066666666666666,
      "md": 0.02666666666666666,
      "ci": [
        -0.04666666666666665,
        0.08999999999999997
      ],
      "dz": 0.1703162751700091,
      "p_perm": 0.49135086491350866,
      "p_t": 0.4556036705310724,
      "power": 0.11183760100554356,
      "n80": 272
    },
    "flatrag": {
      "n": 20,
      "mean_a": 0.8333333333333334,
      "mean_b": 0.8,
      "md": 0.03333333333333331,
      "ci": [
        -0.03666666666666665,
        0.09
      ],
      "dz": 0.22360679774997885,
      "p_perm": 0.36896310368963103,
      "p_t": 0.32987680092112526,